session_code,student_code,question_text,difficulty,correct,time_seconds,attempts,hint_used,misconception_tag
G5A-001,S01,1/2 + 1/2 = ?,easy,N,120,1,Y,ignored common denominator
G5A-001,S01,2/5 + 1/5 = ?,easy,N,40,2,N,compared numerators only
G5A-001,S01,3/8 + 2/8 = ?,medium,Y,111,1,Y,
G5A-001,S01,1/3 + 1/3 = ?,medium,Y,115,1,N,
G5A-001,S01,5/6 - 2/6 = ?,hard,N,108,2,Y,ignored common denominator
G5A-001,S01,7/10 - 3/10 = ?,hard,Y,108,1,N,
G5A-001,S05,1/2 + 1/2 = ?,easy,Y,50,1,N,
G5A-001,S05,2/5 + 1/5 = ?,easy,Y,18,1,N,
G5A-001,S05,3/8 + 2/8 = ?,medium,N,111,2,Y,forgot to simplify
G5A-001,S05,1/3 + 1/3 = ?,medium,Y,93,2,N,
G5A-001,S05,5/6 - 2/6 = ?,hard,N,126,2,Y,forgot to simplify
G5A-001,S05,7/10 - 3/10 = ?,hard,N,199,3,N,ignored common denominator
G5A-001,S04,1/2 + 1/2 = ?,easy,Y,20,1,N,
G5A-001,S04,2/5 + 1/5 = ?,easy,Y,25,2,N,
G5A-001,S04,3/8 + 2/8 = ?,medium,Y,106,2,N,
G5A-001,S04,1/3 + 1/3 = ?,medium,N,170,1,N,added denominators
G5A-001,S04,5/6 - 2/6 = ?,hard,N,227,2,N,forgot to simplify
G5A-001,S04,7/10 - 3/10 = ?,hard,Y,115,1,N,
G5A-001,S02,1/2 + 1/2 = ?,easy,N,63,2,N,added denominators
G5A-001,S02,2/5 + 1/5 = ?,easy,N,68,2,N,ignored common denominator
G5A-001,S02,3/8 + 2/8 = ?,medium,N,159,1,N,compared numerators only
G5A-001,S02,1/3 + 1/3 = ?,medium,Y,76,1,Y,
G5A-001,S02,5/6 - 2/6 = ?,hard,Y,132,1,Y,
G5A-001,S02,7/10 - 3/10 = ?,hard,N,107,2,Y,compared numerators only
G5A-001,S07,1/2 + 1/2 = ?,easy,N,51,2,N,compared numerators only
G5A-001,S07,2/5 + 1/5 = ?,easy,N,99,2,N,compared numerators only
G5A-001,S07,3/8 + 2/8 = ?,medium,N,143,2,N,compared numerators only
G5A-001,S07,1/3 + 1/3 = ?,medium,Y,58,1,N,
G5A-001,S07,5/6 - 2/6 = ?,hard,N,148,2,Y,added denominators
G5A-001,S07,7/10 - 3/10 = ?,hard,Y,175,1,N,
G5A-001,S10,1/2 + 1/2 = ?,easy,Y,30,1,N,
G5A-001,S10,2/5 + 1/5 = ?,easy,Y,23,2,N,
G5A-001,S10,3/8 + 2/8 = ?,medium,Y,82,1,Y,
G5A-001,S10,1/3 + 1/3 = ?,medium,Y,75,2,N,
G5A-001,S10,5/6 - 2/6 = ?,hard,N,103,1,Y,forgot to simplify
G5A-001,S10,7/10 - 3/10 = ?,hard,N,117,2,N,compared numerators only
G5A-001,S09,1/2 + 1/2 = ?,easy,Y,26,1,N,
G5A-001,S09,2/5 + 1/5 = ?,easy,Y,19,2,N,
G5A-001,S09,3/8 + 2/8 = ?,medium,Y,42,1,N,
G5A-001,S09,1/3 + 1/3 = ?,medium,Y,31,1,N,
G5A-001,S09,5/6 - 2/6 = ?,hard,N,132,3,N,ignored common denominator
G5A-001,S09,7/10 - 3/10 = ?,hard,N,105,2,N,compared numerators only
G5A-001,S03,1/2 + 1/2 = ?,easy,Y,44,1,N,
G5A-001,S03,2/5 + 1/5 = ?,easy,N,101,3,N,forgot to simplify
G5A-001,S03,3/8 + 2/8 = ?,medium,Y,37,1,N,
G5A-001,S03,1/3 + 1/3 = ?,medium,Y,104,2,N,
G5A-001,S03,5/6 - 2/6 = ?,hard,N,130,1,N,added denominators
G5A-001,S03,7/10 - 3/10 = ?,hard,N,107,1,Y,ignored common denominator
G5A-001,S06,1/2 + 1/2 = ?,easy,Y,51,1,N,
G5A-001,S06,2/5 + 1/5 = ?,easy,Y,20,2,N,
G5A-001,S06,3/8 + 2/8 = ?,medium,Y,70,1,N,
G5A-001,S06,1/3 + 1/3 = ?,medium,N,90,2,N,forgot to simplify
G5A-001,S06,5/6 - 2/6 = ?,hard,Y,178,1,Y,
G5A-001,S06,7/10 - 3/10 = ?,hard,N,234,1,Y,ignored common denominator
G5A-002,S01,1/4 + 2/4 = ?,easy,Y,23,1,N,
G5A-002,S01,3/7 + 2/7 = ?,easy,N,77,2,N,forgot to simplify
G5A-002,S01,5/9 + 2/9 = ?,medium,N,163,1,N,forgot to simplify
G5A-002,S01,4/11 + 5/11 = ?,medium,N,73,2,Y,added denominators
G5A-002,S01,7/12 - 3/12 = ?,hard,N,129,2,Y,ignored common denominator
G5A-002,S01,9/15 - 4/15 = ?,hard,N,142,2,Y,forgot to simplify
G5A-002,S02,1/4 + 2/4 = ?,easy,N,36,1,N,forgot to simplify
G5A-002,S02,3/7 + 2/7 = ?,easy,Y,36,1,N,
G5A-002,S02,5/9 + 2/9 = ?,medium,Y,86,2,N,
G5A-002,S02,4/11 + 5/11 = ?,medium,Y,118,1,N,
G5A-002,S02,7/12 - 3/12 = ?,hard,N,239,2,Y,added denominators
G5A-002,S02,9/15 - 4/15 = ?,hard,N,100,2,Y,ignored common denominator
G5A-002,S04,1/4 + 2/4 = ?,easy,Y,37,2,N,
G5A-002,S04,3/7 + 2/7 = ?,easy,Y,30,1,N,
G5A-002,S04,5/9 + 2/9 = ?,medium,N,172,3,Y,forgot to simplify
G5A-002,S04,4/11 + 5/11 = ?,medium,N,112,2,N,added denominators
G5A-002,S04,7/12 - 3/12 = ?,hard,Y,64,2,Y,
G5A-002,S04,9/15 - 4/15 = ?,hard,N,207,2,N,ignored common denominator
G5A-002,S09,1/4 + 2/4 = ?,easy,Y,57,1,N,
G5A-002,S09,3/7 + 2/7 = ?,easy,Y,19,1,N,
G5A-002,S09,5/9 + 2/9 = ?,medium,Y,116,1,N,
G5A-002,S09,4/11 + 5/11 = ?,medium,Y,63,1,N,
G5A-002,S09,7/12 - 3/12 = ?,hard,N,99,1,N,forgot to simplify
G5A-002,S09,9/15 - 4/15 = ?,hard,Y,100,2,N,
G5A-002,S05,1/4 + 2/4 = ?,easy,Y,39,1,N,
G5A-002,S05,3/7 + 2/7 = ?,easy,Y,15,1,N,
G5A-002,S05,5/9 + 2/9 = ?,medium,Y,115,1,N,
G5A-002,S05,4/11 + 5/11 = ?,medium,Y,45,1,N,
G5A-002,S05,7/12 - 3/12 = ?,hard,N,173,3,N,ignored common denominator
G5A-002,S05,9/15 - 4/15 = ?,hard,Y,145,2,N,
G5A-002,S06,1/4 + 2/4 = ?,easy,N,108,2,N,added denominators
G5A-002,S06,3/7 + 2/7 = ?,easy,Y,28,2,N,
G5A-002,S06,5/9 + 2/9 = ?,medium,Y,71,2,N,
G5A-002,S06,4/11 + 5/11 = ?,medium,Y,95,2,N,
G5A-002,S06,7/12 - 3/12 = ?,hard,N,133,1,Y,forgot to simplify
G5A-002,S06,9/15 - 4/15 = ?,hard,Y,156,1,N,
G5A-002,S10,1/4 + 2/4 = ?,easy,Y,27,1,Y,
G5A-002,S10,3/7 + 2/7 = ?,easy,Y,45,1,N,
G5A-002,S10,5/9 + 2/9 = ?,medium,Y,103,1,N,
G5A-002,S10,4/11 + 5/11 = ?,medium,Y,81,1,N,
G5A-002,S10,7/12 - 3/12 = ?,hard,Y,174,1,N,
G5A-002,S10,9/15 - 4/15 = ?,hard,Y,162,2,Y,
G5A-002,S03,1/4 + 2/4 = ?,easy,Y,22,2,N,
G5A-002,S03,3/7 + 2/7 = ?,easy,Y,48,1,N,
G5A-002,S03,5/9 + 2/9 = ?,medium,N,138,3,N,compared numerators only
G5A-002,S03,4/11 + 5/11 = ?,medium,N,155,3,N,ignored common denominator
G5A-002,S03,7/12 - 3/12 = ?,hard,N,160,3,Y,forgot to simplify
G5A-002,S03,9/15 - 4/15 = ?,hard,N,163,2,Y,forgot to simplify
G5A-002,S08,1/4 + 2/4 = ?,easy,Y,20,1,N,
G5A-002,S08,3/7 + 2/7 = ?,easy,Y,24,1,Y,
G5A-002,S08,5/9 + 2/9 = ?,medium,Y,99,2,N,
G5A-002,S08,4/11 + 5/11 = ?,medium,Y,83,2,N,
G5A-002,S08,7/12 - 3/12 = ?,hard,Y,149,1,N,
G5A-002,S08,9/15 - 4/15 = ?,hard,Y,108,2,Y,
G5A-003,S04,2/6 + 3/6 = ?,easy,Y,39,2,N,
G5A-003,S04,4/8 + 1/8 = ?,easy,Y,53,1,N,
G5A-003,S04,5/10 + 3/10 = ?,medium,Y,92,1,N,
G5A-003,S04,6/13 + 4/13 = ?,medium,Y,81,1,N,
G5A-003,S04,8/14 - 2/14 = ?,hard,N,226,1,N,added denominators
G5A-003,S04,11/16 - 5/16 = ?,hard,Y,114,1,N,
G5A-003,S08,2/6 + 3/6 = ?,easy,Y,31,2,N,
G5A-003,S08,4/8 + 1/8 = ?,easy,Y,36,2,N,
G5A-003,S08,5/10 + 3/10 = ?,medium,Y,83,1,N,
G5A-003,S08,6/13 + 4/13 = ?,medium,Y,99,1,N,
G5A-003,S08,8/14 - 2/14 = ?,hard,Y,143,1,N,
G5A-003,S08,11/16 - 5/16 = ?,hard,Y,156,1,N,
G5A-003,S05,2/6 + 3/6 = ?,easy,Y,16,1,N,
G5A-003,S05,4/8 + 1/8 = ?,easy,Y,22,1,N,
G5A-003,S05,5/10 + 3/10 = ?,medium,Y,77,1,N,
G5A-003,S05,6/13 + 4/13 = ?,medium,N,151,1,N,ignored common denominator
G5A-003,S05,8/14 - 2/14 = ?,hard,N,117,1,N,compared numerators only
G5A-003,S05,11/16 - 5/16 = ?,hard,Y,151,1,Y,
G5A-003,S07,2/6 + 3/6 = ?,easy,Y,55,1,N,
G5A-003,S07,4/8 + 1/8 = ?,easy,Y,58,1,N,
G5A-003,S07,5/10 + 3/10 = ?,medium,Y,35,1,N,
G5A-003,S07,6/13 + 4/13 = ?,medium,Y,38,1,Y,
G5A-003,S07,8/14 - 2/14 = ?,hard,Y,122,1,N,
G5A-003,S07,11/16 - 5/16 = ?,hard,Y,174,2,N,
G5A-003,S01,2/6 + 3/6 = ?,easy,Y,48,1,N,
G5A-003,S01,4/8 + 1/8 = ?,easy,N,91,3,N,forgot to simplify
G5A-003,S01,5/10 + 3/10 = ?,medium,Y,61,1,Y,
G5A-003,S01,6/13 + 4/13 = ?,medium,Y,89,2,Y,
G5A-003,S01,8/14 - 2/14 = ?,hard,N,173,2,Y,forgot to simplify
G5A-003,S01,11/16 - 5/16 = ?,hard,N,177,2,N,forgot to simplify
G5A-003,S02,2/6 + 3/6 = ?,easy,Y,48,1,Y,
G5A-003,S02,4/8 + 1/8 = ?,easy,N,92,2,N,compared numerators only
G5A-003,S02,5/10 + 3/10 = ?,medium,Y,32,1,Y,
G5A-003,S02,6/13 + 4/13 = ?,medium,Y,61,1,N,
G5A-003,S02,8/14 - 2/14 = ?,hard,N,231,2,Y,forgot to simplify
G5A-003,S02,11/16 - 5/16 = ?,hard,N,206,2,Y,ignored common denominator
G5A-003,S10,2/6 + 3/6 = ?,easy,Y,27,1,N,
G5A-003,S10,4/8 + 1/8 = ?,easy,Y,59,1,N,
G5A-003,S10,5/10 + 3/10 = ?,medium,Y,65,1,N,
G5A-003,S10,6/13 + 4/13 = ?,medium,Y,67,1,N,
G5A-003,S10,8/14 - 2/14 = ?,hard,Y,150,1,N,
G5A-003,S10,11/16 - 5/16 = ?,hard,N,231,2,N,ignored common denominator
G5A-003,S09,2/6 + 3/6 = ?,easy,Y,46,1,N,
G5A-003,S09,4/8 + 1/8 = ?,easy,Y,45,2,N,
G5A-003,S09,5/10 + 3/10 = ?,medium,Y,36,1,N,
G5A-003,S09,6/13 + 4/13 = ?,medium,Y,38,2,N,
G5A-003,S09,8/14 - 2/14 = ?,hard,Y,147,1,N,
G5A-003,S09,11/16 - 5/16 = ?,hard,Y,98,1,N,
G5A-003,S03,2/6 + 3/6 = ?,easy,Y,41,1,N,
G5A-003,S03,4/8 + 1/8 = ?,easy,Y,43,1,N,
G5A-003,S03,5/10 + 3/10 = ?,medium,N,99,1,N,added denominators
G5A-003,S03,6/13 + 4/13 = ?,medium,N,86,2,Y,added denominators
G5A-003,S03,8/14 - 2/14 = ?,hard,Y,82,1,Y,
G5A-003,S03,11/16 - 5/16 = ?,hard,N,210,2,Y,forgot to simplify
G5A-003,S06,2/6 + 3/6 = ?,easy,Y,59,2,Y,
G5A-003,S06,4/8 + 1/8 = ?,easy,Y,31,1,N,
G5A-003,S06,5/10 + 3/10 = ?,medium,Y,112,1,N,
G5A-003,S06,6/13 + 4/13 = ?,medium,N,69,1,N,forgot to simplify
G5A-003,S06,8/14 - 2/14 = ?,hard,Y,165,1,N,
G5A-003,S06,11/16 - 5/16 = ?,hard,Y,98,2,N,
G5A-004,S06,1/2 + 1/4 = ?,easy,Y,46,2,Y,
G5A-004,S06,1/3 + 1/6 = ?,easy,Y,42,1,N,
G5A-004,S06,2/5 + 1/2 = ?,medium,Y,59,1,N,
G5A-004,S06,3/4 + 1/8 = ?,medium,Y,64,1,N,
G5A-004,S06,5/6 - 1/3 = ?,hard,Y,126,2,N,
G5A-004,S06,7/8 - 1/2 = ?,hard,Y,134,2,N,
G5A-004,S02,1/2 + 1/4 = ?,easy,Y,20,2,N,
G5A-004,S02,1/3 + 1/6 = ?,easy,Y,57,1,N,
G5A-004,S02,2/5 + 1/2 = ?,medium,Y,118,2,Y,
G5A-004,S02,3/4 + 1/8 = ?,medium,N,164,1,N,forgot to simplify
G5A-004,S02,5/6 - 1/3 = ?,hard,Y,74,2,N,
G5A-004,S02,7/8 - 1/2 = ?,hard,N,90,3,Y,ignored common denominator
G5A-004,S09,1/2 + 1/4 = ?,easy,Y,54,2,N,
G5A-004,S09,1/3 + 1/6 = ?,easy,Y,28,1,N,
G5A-004,S09,2/5 + 1/2 = ?,medium,Y,86,2,N,
G5A-004,S09,3/4 + 1/8 = ?,medium,Y,107,1,N,
G5A-004,S09,5/6 - 1/3 = ?,hard,Y,61,2,Y,
G5A-004,S09,7/8 - 1/2 = ?,hard,N,119,3,N,ignored common denominator
G5A-004,S04,1/2 + 1/4 = ?,easy,Y,60,1,N,
G5A-004,S04,1/3 + 1/6 = ?,easy,Y,45,2,N,
G5A-004,S04,2/5 + 1/2 = ?,medium,Y,79,1,N,
G5A-004,S04,3/4 + 1/8 = ?,medium,Y,47,1,N,
G5A-004,S04,5/6 - 1/3 = ?,hard,N,196,2,N,forgot to simplify
G5A-004,S04,7/8 - 1/2 = ?,hard,N,162,2,N,compared numerators only
G5A-004,S01,1/2 + 1/4 = ?,easy,N,87,3,N,compared numerators only
G5A-004,S01,1/3 + 1/6 = ?,easy,Y,35,1,N,
G5A-004,S01,2/5 + 1/2 = ?,medium,Y,79,1,N,
G5A-004,S01,3/4 + 1/8 = ?,medium,Y,70,2,N,
G5A-004,S01,5/6 - 1/3 = ?,hard,N,188,2,Y,added denominators
G5A-004,S01,7/8 - 1/2 = ?,hard,Y,135,1,N,
G5A-004,S03,1/2 + 1/4 = ?,easy,N,86,1,N,compared numerators only
G5A-004,S03,1/3 + 1/6 = ?,easy,Y,24,2,N,
G5A-004,S03,2/5 + 1/2 = ?,medium,N,69,3,N,forgot to simplify
G5A-004,S03,3/4 + 1/8 = ?,medium,Y,118,2,N,
G5A-004,S03,5/6 - 1/3 = ?,hard,N,226,3,N,compared numerators only
G5A-004,S03,7/8 - 1/2 = ?,hard,N,99,1,Y,forgot to simplify
G5A-004,S05,1/2 + 1/4 = ?,easy,N,41,3,N,added denominators
G5A-004,S05,1/3 + 1/6 = ?,easy,Y,59,1,N,
G5A-004,S05,2/5 + 1/2 = ?,medium,Y,37,1,N,
G5A-004,S05,3/4 + 1/8 = ?,medium,Y,61,2,N,
G5A-004,S05,5/6 - 1/3 = ?,hard,N,133,2,Y,compared numerators only
G5A-004,S05,7/8 - 1/2 = ?,hard,Y,90,2,N,
G5A-004,S07,1/2 + 1/4 = ?,easy,Y,44,1,N,
G5A-004,S07,1/3 + 1/6 = ?,easy,Y,44,1,N,
G5A-004,S07,2/5 + 1/2 = ?,medium,Y,86,1,N,
G5A-004,S07,3/4 + 1/8 = ?,medium,Y,84,1,N,
G5A-004,S07,5/6 - 1/3 = ?,hard,Y,109,2,Y,
G5A-004,S07,7/8 - 1/2 = ?,hard,Y,105,1,N,
G5A-004,S08,1/2 + 1/4 = ?,easy,Y,57,2,N,
G5A-004,S08,1/3 + 1/6 = ?,easy,Y,58,1,N,
G5A-004,S08,2/5 + 1/2 = ?,medium,Y,66,1,N,
G5A-004,S08,3/4 + 1/8 = ?,medium,Y,111,1,N,
G5A-004,S08,5/6 - 1/3 = ?,hard,Y,152,1,N,
G5A-004,S08,7/8 - 1/2 = ?,hard,N,100,2,N,added denominators
G5A-005,S08,1/2 = ?/4,easy,Y,23,1,N,
G5A-005,S08,2/3 = ?/6,easy,Y,41,1,N,
G5A-005,S08,3/4 = ?/8,medium,Y,76,1,N,
G5A-005,S08,2/5 = ?/10,medium,Y,91,1,N,
G5A-005,S08,5/6 = ?/12,hard,Y,74,2,N,
G5A-005,S08,4/7 = ?/14,hard,Y,88,2,N,
G5A-005,S09,1/2 = ?/4,easy,Y,38,1,N,
G5A-005,S09,2/3 = ?/6,easy,Y,49,1,N,
G5A-005,S09,3/4 = ?/8,medium,Y,116,1,N,
G5A-005,S09,2/5 = ?/10,medium,Y,77,1,N,
G5A-005,S09,5/6 = ?/12,hard,Y,139,1,N,
G5A-005,S09,4/7 = ?/14,hard,Y,68,2,N,
G5A-005,S02,1/2 = ?/4,easy,Y,41,1,N,
G5A-005,S02,2/3 = ?/6,easy,N,68,3,N,ignored common denominator
G5A-005,S02,3/4 = ?/8,medium,N,77,3,N,compared numerators only
G5A-005,S02,2/5 = ?/10,medium,N,153,2,N,added denominators
G5A-005,S02,5/6 = ?/12,hard,N,194,2,Y,forgot to simplify
G5A-005,S02,4/7 = ?/14,hard,Y,116,1,N,
G5A-005,S04,1/2 = ?/4,easy,Y,58,1,N,
G5A-005,S04,2/3 = ?/6,easy,Y,37,1,N,
G5A-005,S04,3/4 = ?/8,medium,Y,45,2,Y,
G5A-005,S04,2/5 = ?/10,medium,Y,111,1,Y,
G5A-005,S04,5/6 = ?/12,hard,Y,76,1,Y,
G5A-005,S04,4/7 = ?/14,hard,N,143,2,N,ignored common denominator
G5A-005,S01,1/2 = ?/4,easy,Y,24,1,N,
G5A-005,S01,2/3 = ?/6,easy,N,46,2,N,added denominators
G5A-005,S01,3/4 = ?/8,medium,N,63,2,Y,ignored common denominator
G5A-005,S01,2/5 = ?/10,medium,N,62,2,Y,ignored common denominator
G5A-005,S01,5/6 = ?/12,hard,N,224,1,N,compared numerators only
G5A-005,S01,4/7 = ?/14,hard,N,182,1,Y,ignored common denominator
G5A-005,S05,1/2 = ?/4,easy,Y,17,1,N,
G5A-005,S05,2/3 = ?/6,easy,Y,18,2,N,
G5A-005,S05,3/4 = ?/8,medium,Y,43,2,N,
G5A-005,S05,2/5 = ?/10,medium,Y,40,1,N,
G5A-005,S05,5/6 = ?/12,hard,Y,95,1,N,
G5A-005,S05,4/7 = ?/14,hard,Y,97,2,N,
G5A-005,S03,1/2 = ?/4,easy,Y,59,1,N,
G5A-005,S03,2/3 = ?/6,easy,Y,50,1,N,
G5A-005,S03,3/4 = ?/8,medium,N,112,2,N,compared numerators only
G5A-005,S03,2/5 = ?/10,medium,Y,42,1,N,
G5A-005,S03,5/6 = ?/12,hard,N,185,2,Y,compared numerators only
G5A-005,S03,4/7 = ?/14,hard,Y,166,1,Y,
G5A-005,S07,1/2 = ?/4,easy,Y,38,1,N,
G5A-005,S07,2/3 = ?/6,easy,Y,50,1,N,
G5A-005,S07,3/4 = ?/8,medium,Y,115,2,N,
G5A-005,S07,2/5 = ?/10,medium,Y,66,1,N,
G5A-005,S07,5/6 = ?/12,hard,Y,87,1,N,
G5A-005,S07,4/7 = ?/14,hard,Y,73,1,N,
G5A-005,S10,1/2 = ?/4,easy,Y,32,1,N,
G5A-005,S10,2/3 = ?/6,easy,Y,54,1,N,
G5A-005,S10,3/4 = ?/8,medium,Y,118,1,Y,
G5A-005,S10,2/5 = ?/10,medium,Y,69,1,N,
G5A-005,S10,5/6 = ?/12,hard,Y,78,2,Y,
G5A-005,S10,4/7 = ?/14,hard,Y,63,1,N,
