session_code,student_code,present
G5A-001,S01,Y
G5A-001,S02,Y
G5A-001,S03,Y
G5A-001,S04,Y
G5A-001,S05,Y
G5A-001,S06,Y
G5A-001,S07,Y
G5A-001,S08,N
G5A-001,S09,Y
G5A-001,S10,Y
G5A-002,S01,Y
G5A-002,S02,Y
G5A-002,S03,Y
G5A-002,S04,Y
G5A-002,S05,Y
G5A-002,S06,Y
G5A-002,S07,N
G5A-002,S08,Y
G5A-002,S09,Y
G5A-002,S10,Y
G5A-003,S01,Y
G5A-003,S02,Y
G5A-003,S03,Y
G5A-003,S04,Y
G5A-003,S05,Y
G5A-003,S06,Y
G5A-003,S07,Y
G5A-003,S08,Y
G5A-003,S09,Y
G5A-003,S10,Y
G5A-004,S01,Y
G5A-004,S02,Y
G5A-004,S03,Y
G5A-004,S04,Y
G5A-004,S05,Y
G5A-004,S06,Y
G5A-004,S07,Y
G5A-004,S08,Y
G5A-004,S09,Y
G5A-004,S10,N
G5A-005,S01,Y
G5A-005,S02,Y
G5A-005,S03,Y
G5A-005,S04,Y
G5A-005,S05,Y
G5A-005,S06,N
G5A-005,S07,Y
G5A-005,S08,Y
G5A-005,S09,Y
G5A-005,S10,Y
